destination,region,booking_base_url,manual_affiliate_url
"Raja Ampat","Papua","https://www.booking.com/searchresults.html?ss=Raja%20Ampat",""
"Tana Toraja","Sulawesi","https://www.booking.com/searchresults.html?ss=Tana%20Toraja",""
"Belitung Island","Sumatra","https://www.booking.com/searchresults.html?ss=Belitung%20Island",""
"Wakatobi","Sulawesi","https://www.booking.com/searchresults.html?ss=Wakatobi",""
"Danau Labuan Cermin","Kalimantan","https://www.booking.com/searchresults.html?ss=Danau%20Labuan%20Cermin",""
"Sumba Island","Bali & Nusa Tenggara","https://www.booking.com/searchresults.html?ss=Sumba%20Island",""
"Danau Toba","Sumatra","https://www.booking.com/searchresults.html?ss=Danau%20Toba",""
"Bukit Lawang","Sumatra","https://www.booking.com/searchresults.html?ss=Bukit%20Lawang",""
"Mentawai Islands","Sumatra","https://www.booking.com/searchresults.html?ss=Mentawai%20Islands",""
"Sabang","Sumatra","https://www.booking.com/searchresults.html?ss=Sabang",""
"Jakarta","Java","https://www.booking.com/searchresults.html?ss=Jakarta",""
"Yogyakarta","Java","https://www.booking.com/searchresults.html?ss=Yogyakarta",""
"Bandung","Java","https://www.booking.com/searchresults.html?ss=Bandung",""
"Bromo","Java","https://www.booking.com/searchresults.html?ss=Bromo",""
"Banyuwangi","Java","https://www.booking.com/searchresults.html?ss=Banyuwangi",""
"Bali","Bali & Nusa Tenggara","https://www.booking.com/searchresults.html?ss=Bali",""
"Lombok","Bali & Nusa Tenggara","https://www.booking.com/searchresults.html?ss=Lombok",""
"Labuan Bajo","Bali & Nusa Tenggara","https://www.booking.com/searchresults.html?ss=Labuan%20Bajo",""
"Flores","Bali & Nusa Tenggara","https://www.booking.com/searchresults.html?ss=Flores",""
"IKN Nusantara","Kalimantan","https://www.booking.com/searchresults.html?ss=IKN%20Nusantara",""
"Derawan Islands","Kalimantan","https://www.booking.com/searchresults.html?ss=Derawan%20Islands",""
"Tanjung Puting","Kalimantan","https://www.booking.com/searchresults.html?ss=Tanjung%20Puting",""
"Loksado","Kalimantan","https://www.booking.com/searchresults.html?ss=Loksado",""
"Tomohon","Sulawesi","https://www.booking.com/searchresults.html?ss=Tomohon",""
"Togean Islands","Sulawesi","https://www.booking.com/searchresults.html?ss=Togean%20Islands",""
"Bunaken","Sulawesi","https://www.booking.com/searchresults.html?ss=Bunaken",""
"Pantai Ora","Maluku","https://www.booking.com/searchresults.html?ss=Pantai%20Ora",""
"Banda Neira","Maluku","https://www.booking.com/searchresults.html?ss=Banda%20Neira",""
"Kepulauan Kei","Maluku","https://www.booking.com/searchresults.html?ss=Kepulauan%20Kei",""
"Ambon","Maluku","https://www.booking.com/searchresults.html?ss=Ambon",""
"Taman Nasional Manusela","Maluku","https://www.booking.com/searchresults.html?ss=Taman%20Nasional%20Manusela",""
"Lembah Baliem","Papua","https://www.booking.com/searchresults.html?ss=Lembah%20Baliem",""
"Taman Nasional Lorentz","Papua","https://www.booking.com/searchresults.html?ss=Taman%20Nasional%20Lorentz",""
"Taman Nasional Teluk Cenderawasih","Papua","https://www.booking.com/searchresults.html?ss=Taman%20Nasional%20Teluk%20Cenderawasih",""
"Danau Sentani","Papua","https://www.booking.com/searchresults.html?ss=Danau%20Sentani",""
